order_id,customer_email,product_category,price,quantity,order_date,country
ORD-0001,cust_8@example.com,electronics,1484.39,8,2026-08-15,CA
ORD-0002,cust_7@example.com,sports,178.44,14,2026-08-03,US
ORD-0003,cust_6@example.com,clothing,469.16,20,2026-08-02,AU
ORD-0004,cust_13@example.com,sports,841.94,15,2026-09-07,UK
ORD-0005,cust_1@example.com,clothing,1397.79,11,2026-08-18,CA
ORD-0006,cust_14@example.com,books,208.91,13,2026-08-07,UK
ORD-0007,cust_23@example.com,sports,532.72,2,2026-09-16,IN
ORD-0008,cust_35@example.com,electronics,1946.37,13,2026-08-06,AU
ORD-0009,cust_19@example.com,sports,1771.48,12,2026-09-06,CA
ORD-0010,cust_5@example.com,electronics,1324.22,10,2026-08-06,CA
ORD-0011,cust_7@example.com,home,559.56,12,2026-08-11,UK
ORD-0012,cust_23@example.com,clothing,1342.0,3,2026-09-08,DE
ORD-0013,cust_11@example.com,sports,1459.61,6,2026-08-30,IN
ORD-0014,cust_18@example.com,sports,443.13,11,2026-09-23,US
ORD-0015,cust_15@example.com,electronics,1611.07,13,2026-08-18,US
ORD-0016,cust_14@example.com,sports,1753.35,11,2026-08-14,DE
ORD-0017,cust_32@example.com,home,1769.94,15,2026-08-10,UK
ORD-0018,cust_9@example.com,clothing,1491.25,18,2026-08-17,DE
ORD-0019,cust_38@example.com,home,1796.16,13,2026-08-24,CA
ORD-0020,cust_9@example.com,sports,989.56,2,2026-09-25,US
ORD-0021,cust_10@example.com,clothing,1585.2,14,2026-09-08,US
ORD-0022,cust_25@example.com,home,1193.8,15,2026-09-03,UK
ORD-0023,cust_36@example.com,electronics,1362.17,4,2026-09-13,AU
ORD-0024,cust_18@example.com,books,227.55,14,2026-08-11,IN
ORD-0025,cust_1@example.com,books,1943.92,6,2026-09-02,US
ORD-0026,cust_20@example.com,sports,1219.9,5,2026-08-24,CA
ORD-0027,cust_35@example.com,sports,1837.39,20,2026-08-21,IN
ORD-0028,cust_2@example.com,electronics,1858.55,10,2026-08-16,US
ORD-0029,cust_16@example.com,sports,1894.16,3,2026-09-16,IN
ORD-0030,cust_5@example.com,sports,1532.84,5,2026-09-12,IN
ORD-0031,cust_36@example.com,clothing,533.79,20,2026-08-28,CA
ORD-0032,cust_35@example.com,clothing,1427.33,13,2026-09-12,DE
ORD-0033,cust_24@example.com,home,1799.73,15,2026-08-08,CA
ORD-0034,cust_15@example.com,electronics,679.48,19,2026-09-05,CA
ORD-0035,cust_38@example.com,clothing,19.35,2,2026-08-15,US
ORD-0036,cust_3@example.com,books,146.36,8,2026-08-18,DE
ORD-0037,cust_32@example.com,clothing,1080.77,19,2026-09-06,IN
ORD-0038,cust_16@example.com,home,1615.96,7,2026-08-07,US
ORD-0039,cust_28@example.com,books,850.04,15,2026-09-25,DE
ORD-0040,cust_4@example.com,electronics,125.92,11,2026-09-21,US
ORD-0041,cust_16@example.com,clothing,384.47,15,2026-08-09,IN
ORD-0042,cust_12@example.com,books,927.94,3,2026-08-29,AU
ORD-0043,cust_7@example.com,electronics,1306.03,18,2026-09-23,US
ORD-0044,cust_6@example.com,clothing,336.79,16,2026-08-31,CA
ORD-0045,cust_26@example.com,electronics,333.45,1,2026-08-25,UK
ORD-0046,cust_30@example.com,books,848.9,18,2026-09-12,DE
ORD-0047,cust_32@example.com,clothing,383.85,7,2026-08-04,AU
ORD-0048,cust_35@example.com,electronics,1497.21,2,2026-08-04,AU
ORD-0049,cust_31@example.com,sports,1839.18,17,2026-08-11,US
ORD-0050,cust_33@example.com,electronics,1703.43,3,2026-09-08,US
ORD-0051,cust_16@example.com,home,244.17,19,2026-08-16,AU
ORD-0052,cust_39@example.com,electronics,1240.67,14,2026-09-12,AU
ORD-0053,cust_37@example.com,sports,636.16,9,2026-08-14,DE
ORD-0054,cust_21@example.com,clothing,534.9,5,2026-09-12,DE
ORD-0055,cust_20@example.com,home,635.77,3,2026-08-01,IN
ORD-0056,cust_40@example.com,sports,1992.21,3,2026-09-04,CA
ORD-0057,cust_33@example.com,books,269.25,12,2026-08-05,CA
ORD-0058,cust_24@example.com,books,319.7,18,2026-09-15,UK
ORD-0059,cust_40@example.com,sports,20.61,18,2026-08-20,DE
ORD-0060,cust_7@example.com,clothing,532.61,4,2026-09-17,AU
ORD-0061,cust_10@example.com,books,567.1,7,2026-09-15,UK
ORD-0062,cust_14@example.com,books,1013.29,9,2026-09-24,US
ORD-0063,cust_6@example.com,home,1659.55,2,2026-08-01,UK
ORD-0064,cust_9@example.com,books,327.36,15,2026-09-05,DE
ORD-0065,cust_28@example.com,sports,24.29,3,2026-09-14,CA
ORD-0066,cust_35@example.com,electronics,1670.02,19,2026-09-05,CA
ORD-0067,cust_28@example.com,clothing,88.45,12,2026-09-20,US
ORD-0068,cust_23@example.com,clothing,1365.72,4,2026-08-23,AU
ORD-0069,cust_27@example.com,sports,1500.21,8,2026-09-25,CA
ORD-0070,cust_12@example.com,home,54.45,11,2026-09-20,IN
ORD-0071,cust_16@example.com,books,322.6,4,2026-08-25,US
ORD-0072,cust_31@example.com,clothing,403.15,15,2026-08-23,UK
ORD-0073,cust_15@example.com,clothing,52.21,7,2026-08-26,UK
ORD-0074,cust_18@example.com,electronics,1933.94,9,2026-08-23,DE
ORD-0075,cust_33@example.com,home,1360.64,18,2026-08-22,US
ORD-0076,cust_8@example.com,books,361.24,9,2026-08-03,US
ORD-0077,cust_39@example.com,home,694.65,11,2026-08-28,AU
ORD-0078,cust_33@example.com,electronics,773.46,19,2026-08-13,UK
ORD-0079,cust_3@example.com,home,8.37,18,2026-09-13,DE
ORD-0080,cust_13@example.com,books,865.44,11,2026-09-09,UK
ORD-0081,cust_8@example.com,books,1016.71,14,2026-08-21,IN
ORD-0082,cust_19@example.com,sports,258.94,14,2026-09-12,IN
ORD-0083,cust_12@example.com,sports,1140.36,13,2026-09-05,US
ORD-0084,cust_20@example.com,books,424.31,19,2026-09-08,DE
ORD-0085,cust_21@example.com,home,886.36,7,2026-09-02,IN
ORD-0086,cust_11@example.com,electronics,571.15,20,2026-08-22,US
ORD-0087,cust_16@example.com,books,453.16,7,2026-08-10,US
ORD-0088,cust_3@example.com,clothing,1967.95,20,2026-09-24,US
ORD-0089,cust_30@example.com,home,1772.84,19,2026-08-13,DE
ORD-0090,cust_25@example.com,home,802.31,5,2026-09-11,DE
ORD-0091,cust_1@example.com,electronics,1557.95,8,2026-08-12,DE
ORD-0092,cust_34@example.com,home,105.19,8,2026-09-24,US
ORD-0093,cust_30@example.com,clothing,1603.83,17,2026-09-05,AU
ORD-0094,cust_21@example.com,home,1227.24,17,2026-08-28,AU
ORD-0095,cust_29@example.com,clothing,1488.59,16,2026-08-29,UK
ORD-0096,cust_16@example.com,books,1532.8,17,2026-09-01,DE
ORD-0097,cust_16@example.com,books,882.55,10,2026-08-16,UK
ORD-0098,cust_22@example.com,books,1786.59,3,2026-08-09,CA
ORD-0099,cust_15@example.com,home,1389.43,7,2026-08-05,IN
ORD-0100,cust_27@example.com,books,1087.51,14,2026-08-04,CA
ORD-0101,cust_27@example.com,home,1810.15,19,2026-09-14,US
ORD-0102,cust_37@example.com,home,956.57,12,2026-08-20,IN
ORD-0103,cust_27@example.com,sports,1496.29,18,2026-09-21,AU
ORD-0104,cust_15@example.com,home,442.75,14,2026-09-01,US
ORD-0105,cust_25@example.com,books,1339.4,13,2026-09-16,CA
ORD-0106,cust_30@example.com,clothing,1961.54,18,2026-08-02,IN
ORD-0107,cust_38@example.com,sports,1327.68,3,2026-09-11,IN
ORD-0108,cust_9@example.com,home,367.55,9,2026-08-25,UK
ORD-0109,cust_14@example.com,home,657.06,13,2026-08-18,IN
ORD-0110,cust_17@example.com,electronics,943.26,18,2026-08-04,UK
ORD-0111,cust_15@example.com,electronics,1563.56,2,2026-09-18,US
ORD-0112,cust_16@example.com,clothing,1679.26,20,2026-08-10,CA
ORD-0007,cust_3@example.com,books,49.99,2,2026-09-10,US
ORD-0033,cust_9@example.com,sports,89.5,1,2026-09-11,UK
,cust_9@example.com,home,19.99,1,2026-09-12,US
ORD-0116,,electronics,299.0,1,2026-09-12,CA
ORD-0117,not-an-email,clothing,59.99,3,2026-09-13,US
ORD-0118,cust_5example.com,books,12.99,1,2026-09-13,IN
ORD-0119,cust_7@example.com,home,-49.99,2,2026-09-14,US
ORD-0120,cust_8@example.com,sports,75.0,-2,2026-09-14,AU
ORD-0121,cust_2@example.com,electronics,899.0,0,2026-09-15,DE
ORD-0122,cust_4@example.com,clothing,2500000.0,1,2026-09-15,US
ORD-0123,cust_6@example.com,hoverboards,199.99,1,2026-09-16,US
ORD-0124,cust_1@example.com,,39.99,2,2026-09-16,CA
ORD-0125,cust_3@example.com,books,24.99,1,2027-01-15,UK
ORD-0126,cust_9@example.com,home,149.0,1,2026-09-17,XX
